temperature_K,phase,peak,freq_cm1,intensity,note
113,V,stretching max,3226.0,100,
113,V,shoulder_left,3350.0,46,
113,V,shoulder_right,3150.0,62,
113,V,nu_CO,2355.5,23,
113,V,"3nu_L, delta_OH + nu_L",2315.0,6,
113,V,nu_OD,2452.0,4,
113,V,delta_OH,1633.5,12,
113,V,nu_l1,816.0,42,
113,V,delta_CO,666.0,45,
113,V,nu_l2,621.0,34,
123,V,stretching max,3229.5,100,
123,V,shoulder_left,3350.0,48,
123,V,shoulder_right,3160.0,60,
123,V,nu_CO,2347.5,10,
123,V,"3nu_L, delta_OH + nu_L",2275.0,4,
123,V,nu_OD,2450.0,2,
123,V,delta_OH,1633.5,8,
123,V,nu_l1,820.5,35,
123,V,delta_CO,666.5,30,
123,V,nu_l2,615.0,22,
133,V,stretching max,3230.0,100,
133,V,shoulder_left,3360.5,43,
133,V,shoulder_right,3150.0,65,
133,V,nu_CO,2342.0,4,
133,V,"3nu_L, delta_OH + nu_L",2310.5,3.8,
133,V,nu_OD,2447.5,4.5,
133,V,delta_OH,1635.5,12.0,
133,V,nu_l1,811.0,39,Note that here
133,V,nu_l2,615.0,33,
143,V,stretching max,3232.5,100,
143,V,shoulder_left,3370.0,45,
143,V,shoulder_right,3140.0,62,
143,V,nu_OD,2447.0,4.2,here is no nu c
143,V,"3nu_L, delta_OH + nu_L",2229.0,3.5,
143,V,delta_OH,1633.0,11.3,
143,V,nu_l1,816.0,48,
143,V,nu_l2,619.0,31,
153,V,stretching max,3234.0,100,
153,V,shoulder_left,3370.0,50,
153,V,shoulder_right,3148.0,70,
153,V,nu_OD,2454.0,4.2,
153,V,"3nu_L, delta_OH + nu_L",2236.0,3.5,
153,V,delta_OH,1633.0,11.8,
153,V,nu_l1,808.5,38,
153,V,nu_l2,638.5,30,
163,V,stretching max,3237.5,100,
163,V,shoulder_left,3378.0,41,
163,V,shoulder_right,3135.0,78,
163,V,nu_OD,2421.0,6.5,
163,V,"3nu_L, delta_OH + nu_L",2236.0,4.1,
163,V,delta_OH,1608.0,9.1,
163,V,nu_l1,808.5,50,
163,V,nu_l2,648.0,22,
173,V,stretching max,3237.0,100,
173,V,shoulder_left,3370.3,43,
173,V,shoulder_right,3143.0,83,
173,V,nu_OD,2419.0,9.3,
173,V,"3nu_L, delta_OH + nu_L",2236.5,5,
173,V,delta_OH,1610.3,8.8,
173,V,nu_l1,804.5,62,
173,V,nu_l2,645.0,20,
183,V,stretching max,3237.0,100,
183,V,shoulder_left,3383.0,43,
183,V,shoulder_right,3145.0,90,
183,V,nu_OD,2421.0,11.0,
183,V,"3nu_L, delta_OH + nu_L",2229.5,5.0,
183,V,delta_OH,1628.0,8.9,
183,V,nu_l1,804.0,64,
183,V,nu_l2,643.0,21.0,
193,V,stretching max,3205.5,100,
193,V,shoulder_left,3393.0,40,
193,V,shoulder_right,3138.0,93,
193,V,nu_OD,2423.0,12.1,
193,V,"3nu_L, delta_OH + nu_L",2243.5,5.0,
193,V,delta_OH,1624.0,9.0,
193,V,nu_l1,784.0,65,
193,V,nu_l2,645.0,22.0,
113,Ih,stretching max,3203.5,100,
113,Ih,shoulder_left,3380.0,36,
113,Ih,shoulder_right,3125.0,93,
113,Ih,nu_OD,2413.0,33,
113,Ih,"3nu_L, delta_OH + nu_L",2243.0,6,
113,Ih,delta_OH,1660.0,8.1,
113,Ih,nu_l1,821.0,90,
113,Ih,nu_l2,655.0,38,
