mode_first,mode_last,frequency_cm1,ir_intensity
1,1,0.000000,0.000000
2,2,0.000000,0.000000
3,3,0.000000,0.000000
4,4,53.290300,0.360000
5,5,77.229300,0.290000
6,6,81.080000,0.700000
7,7,90.875600,0.660000
8,8,93.064200,1.090000
9,9,97.386900,1.810000
10,10,98.843900,0.930000
11,11,100.158700,1.490000
12,12,102.328300,3.440000
13,13,103.322200,1.100000
14,14,104.095500,0.960000
15,15,106.599200,0.810000
16,16,108.453700,0.420000
17,17,111.549000,0.740000
18,18,114.162000,1.260000
19,19,115.470200,3.120000
20,20,116.678900,4.970000
21,21,123.634800,2.660000
22,22,124.992700,4.830000
23,23,127.324700,3.260000
24,24,127.543900,4.860000
25,25,131.083700,8.830000
26,26,138.608300,12.980000
27,27,140.700900,3.920000
28,28,147.959500,33.880000
29,29,151.534100,22.090000
30,30,153.678000,10.560000
31,31,162.765400,5.300000
32,32,166.044000,28.140000
33,33,169.037100,61.250000
34,34,172.139700,33.070000
35,35,174.517200,119.210000
36,36,178.458700,2.400000
37,37,184.098700,12.540000
38,38,189.815300,47.240000
39,39,202.590100,124.970000
40,40,208.594100,8.970000
41,41,210.198300,25.060000
42,42,215.795500,21.700000
43,43,216.805400,138.260000
44,44,219.341500,76.300000
45,45,226.502500,55.920000
46,46,229.131100,36.020000
47,47,234.103200,12.800000
48,48,239.372300,53.590000
49,49,241.073200,92.870000
50,50,243.367700,79.330000
51,51,248.487200,93.880000
52,52,251.845900,23.920000
53,53,257.495200,45.040000
54,54,258.707800,116.110000
55,55,263.654100,57.670000
56,56,266.731800,13.170000
57,57,269.892500,180.580000
58,58,279.860300,30.800000
59,59,282.689100,58.240000
60,60,284.683300,30.320000
61,61,290.564100,53.050000
62,62,293.080600,39.400000
63,63,299.406000,15.770000
64,64,305.559300,10.280000
65,65,312.630900,125.410000
66,66,320.644800,29.160000
67,67,323.867700,90.160000
68,68,332.951100,9.950000
69,69,334.190900,64.600000
70,70,343.018600,3.370000
71,71,344.246900,59.880000
72,72,347.058400,36.460000
73,73,351.044500,59.190000
74,74,360.068300,18.860000
75,75,366.850300,35.760000
76,76,373.883600,9.360000
77,77,376.852600,69.530000
78,78,386.594600,8.520000
79,79,390.528400,24.770000
80,80,395.940100,38.740000
81,81,399.471300,1.020000
82,82,404.509800,15.870000
83,83,413.472800,5.420000
84,84,417.866500,9.040000
85,85,644.867800,7.270000
86,86,652.258100,33.100000
87,87,655.167900,16.720000
88,88,659.164200,8.740000
89,89,663.337200,8.520000
90,90,664.800400,33.900000
91,91,671.357600,15.800000
92,92,681.562800,15.590000
93,93,685.671800,39.760000
94,94,690.920300,41.270000
95,95,692.166800,26.690000
96,96,694.951800,65.840000
97,97,700.199100,96.150000
98,98,708.229000,22.970000
99,99,714.742000,1.800000
100,100,717.507100,44.000000
101,101,730.817600,32.720000
102,102,737.400300,8.850000
103,103,742.253500,52.280000
104,104,755.857400,26.790000
105,105,759.259400,253.930000
106,106,761.286000,88.480000
107,107,769.350800,189.510000
108,108,774.039100,37.600000
109,109,783.678100,80.140000
110,110,785.756700,10.120000
111,111,792.149000,49.420000
112,112,796.128500,170.970000
113,113,803.479800,101.650000
114,114,810.469500,206.650000
115,115,818.852600,55.530000
116,116,824.291300,131.220000
117,117,841.097900,294.180000
118,118,842.330800,226.110000
119,119,848.692700,33.520000
120,120,854.249700,137.090000
121,121,860.004300,152.000000
122,122,863.213800,198.200000
123,123,872.220800,213.130000
124,124,879.801500,283.200000
125,125,884.526300,154.710000
126,126,888.999900,308.210000
127,127,890.727300,150.960000
128,128,899.446300,468.300000
129,129,910.952600,72.210000
130,130,911.868600,268.090000
131,131,918.905500,158.500000
132,132,922.384300,208.460000
133,133,933.206200,380.960000
134,134,937.742900,1015.500000
135,135,940.899700,311.880000
136,136,945.252400,51.860000
137,137,951.659900,159.880000
138,138,961.237400,451.810000
139,139,966.651200,192.010000
140,140,976.357100,450.910000
141,141,987.580400,108.460000
142,142,996.924500,525.640000
143,143,1006.197300,208.750000
144,144,1010.128000,315.370000
145,145,1025.607700,572.000000
146,146,1031.058200,20.040000
147,147,1041.098400,395.390000
148,148,1043.800600,44.410000
149,149,1054.918700,501.210000
150,150,1064.621900,262.050000
151,151,1069.847500,262.860000
152,152,1077.824300,692.660000
153,153,1081.503700,71.100000
154,154,1087.638000,168.040000
155,155,1091.118800,76.600000
156,156,1098.477900,83.030000
157,157,1119.710300,48.970000
158,158,1122.262300,48.610000
159,159,1130.295800,34.010000
160,160,1140.389200,104.290000
161,161,1152.736300,138.140000
162,162,1157.472100,39.130000
163,163,1169.639100,51.740000
164,164,1177.777800,88.980000
165,165,1184.262700,11.370000
166,166,1187.900800,42.470000
167,167,1197.636500,12.600000
168,168,1221.968800,60.180000
169,169,1596.441400,105.310000
170,170,1600.636000,187.730000
171,171,1615.829000,24.080000
172,172,1617.179300,107.750000
173,173,1622.963700,149.960000
174,174,1627.112000,356.110000
175,175,1637.129000,9.610000
176,176,1647.795700,114.010000
177,177,1652.031500,285.780000
178,178,1654.892700,108.250000
179,179,1661.338200,113.590000
180,180,1663.166700,15.760000
181,181,1672.069200,58.920000
182,182,1674.486700,210.180000
183,183,1687.053300,289.600000
184,184,1689.186100,236.310000
185,185,1698.063900,108.350000
186,186,1701.727100,223.420000
187,187,1706.911500,119.160000
188,188,1712.774700,328.970000
189,189,1716.007600,29.340000
190,190,1717.908500,102.690000
191,191,1724.948500,27.600000
192,192,1727.174800,110.900000
193,193,1730.325100,11.340000
194,194,1732.509800,9.150000
195,195,1745.021500,37.980000
196,196,1754.176400,18.460000
197,197,3051.008300,1959.760000
198,198,3063.735200,4859.320000
199,199,3069.839000,2632.290000
200,200,3079.265400,3746.000000
201,201,3089.281900,1925.640000
202,202,3097.279900,6617.130000
203,203,3099.872300,1050.260000
204,204,3106.349500,5492.900000
205,205,3111.180900,5759.230000
206,206,3126.609700,1759.650000
207,207,3131.658500,991.100000
208,208,3136.464000,3080.390000
209,209,3140.992200,472.150000
210,210,3147.982200,4021.970000
211,211,3152.438500,1773.010000
212,212,3162.374800,1626.500000
213,213,3163.640900,2883.680000
214,214,3168.635200,2480.200000
215,215,3170.755300,100.120000
216,216,3174.412600,2491.450000
217,217,3182.975600,625.030000
218,218,3183.854700,3990.940000
219,219,3185.157900,1031.410000
220,220,3191.734200,4039.470000
221,221,3195.548100,835.080000
222,222,3202.298400,2143.070000
223,223,3207.513200,710.250000
224,224,3215.193800,2663.230000
225,225,3219.990700,1385.310000
226,226,3236.736800,1160.430000
227,227,3283.047600,3718.170000
228,228,3289.047800,2285.910000
229,229,3294.755900,257.360000
230,230,3306.542900,99.180000
231,231,3307.676800,366.350000
232,232,3325.747500,197.850000
233,233,3342.025100,362.520000
234,234,3347.393900,10.310000
235,235,3360.038700,146.580000
236,236,3363.645500,443.660000
237,237,3365.838500,631.840000
238,238,3370.681800,595.350000
239,239,3373.080200,288.650000
240,240,3374.117900,277.840000
241,241,3376.559500,238.610000
242,242,3382.605600,353.170000
243,243,3384.875600,228.400000
244,244,3388.974400,306.390000
245,245,3393.268000,204.690000
246,246,3395.610300,145.910000
247,247,3401.262700,21.200000
248,248,3408.374700,369.970000
249,249,3411.827900,180.870000
250,250,3421.309900,173.430000
251,251,3429.529700,194.240000
252,252,3449.473300,143.620000
