temperature_C,temperature_K,phase,region,center_cm1,fwhm_fit_cm1,r2
-165,108.150000,Ih,stretching,,,
-165,108.150000,Ih,bending,1537.163074,433.532880,0.989813
-165,108.150000,Ih,libration,836.496448,315.459237,0.993241
-160,113.150000,IceV,stretching,3222.305975,328.874823,0.965463
-160,113.150000,IceV,bending,1667.586652,808.786841,0.964018
-160,113.150000,IceV,libration,838.546998,327.539045,0.886947
-155,118.150000,IceV,stretching,3228.431293,311.714869,0.961724
-155,118.150000,IceV,bending,1628.122816,621.714638,0.961816
-155,118.150000,IceV,libration,862.121830,431.699317,0.928459
-150,123.150000,IceV,stretching,3229.520719,311.211338,0.963390
-150,123.150000,IceV,bending,1628.481322,625.616887,0.963575
-150,123.150000,IceV,libration,858.616440,418.932948,0.939291
-145,128.150000,IceV,stretching,3221.795728,337.138016,0.976740
-145,128.150000,IceV,bending,1686.720003,877.804716,0.965622
-145,128.150000,IceV,libration,836.447790,344.355037,0.929212
-140,133.150000,IceV,stretching,3223.320509,335.402099,0.977793
-140,133.150000,IceV,bending,1687.697980,877.869954,0.965917
-140,133.150000,IceV,libration,837.435000,353.349664,0.937012
-135,138.150000,IceV,stretching,3225.446041,331.143480,0.978123
-135,138.150000,IceV,bending,1689.094711,880.149608,0.965852
-135,138.150000,IceV,libration,837.970572,364.416760,0.941669
-130,143.150000,IceV,stretching,3225.894711,331.859268,0.979378
-130,143.150000,IceV,bending,1686.180115,868.996920,0.965509
-130,143.150000,IceV,libration,838.137085,355.121972,0.943169
-125,148.150000,IceV,stretching,3226.359138,333.376973,0.980228
-125,148.150000,IceV,bending,1682.028886,856.485313,0.967425
-125,148.150000,IceV,libration,838.289244,363.869810,0.949863
-120,153.150000,IceV,stretching,3226.483153,331.430161,0.980944
-120,153.150000,IceV,bending,1679.862517,846.706300,0.966634
-120,153.150000,IceV,libration,838.536888,377.223274,0.950692
-115,158.150000,IceV,stretching,3229.882050,326.666615,0.981913
-115,158.150000,IceV,bending,1681.419906,853.568916,0.965473
-115,158.150000,IceV,libration,836.523221,373.857219,0.963254
-110,163.150000,IceV,stretching,3216.268769,365.427769,0.982265
-110,163.150000,IceV,bending,1607.711758,588.368253,0.981450
-110,163.150000,IceV,libration,832.624571,356.256748,0.994086
-105,168.150000,IceV,stretching,3207.633095,389.332403,0.984239
-105,168.150000,IceV,bending,1589.717467,473.953038,0.984467
-105,168.150000,IceV,libration,823.657498,287.487221,0.996232
-100,173.150000,IceV,stretching,3199.914706,406.829264,0.986724
-100,173.150000,IceV,bending,1587.254786,467.036236,0.985252
-100,173.150000,IceV,libration,819.588929,252.858321,0.996683
-95,178.150000,IceV,stretching,3194.666563,418.397849,0.987878
-95,178.150000,IceV,bending,1586.755827,460.779719,0.984861
-95,178.150000,IceV,libration,816.800649,244.666520,0.996673
-90,183.150000,IceV,stretching,3188.988188,428.460490,0.988995
-90,183.150000,IceV,bending,1588.308505,460.920520,0.983730
-90,183.150000,IceV,libration,813.961144,241.928763,0.996817
-85,188.150000,IceV,stretching,3185.431576,432.120685,0.989764
-85,188.150000,IceV,bending,1588.337298,460.381667,0.984647
-85,188.150000,IceV,libration,810.835201,243.841812,0.996749
-80,193.150000,IceV,stretching,3181.012780,433.156222,0.990679
-80,193.150000,IceV,bending,1593.206095,486.213346,0.982762
-80,193.150000,IceV,libration,807.245480,243.398776,0.996825
