phase,temperature_C,temperature_K,region,position_cm1,height_pct,prominence_pct,highest_in_region
IceV,-160,113.150000,stretching,3226.000000,100.000000,99.641626,True
IceV,-160,113.150000,combination,2154.500000,3.181913,1.569616,False
IceV,-160,113.150000,combination,2315.000000,7.885004,3.617314,False
IceV,-160,113.150000,combination,2355.500000,21.412349,21.299452,True
IceV,-160,113.150000,combination,2452.000000,4.014728,1.833343,False
IceV,-160,113.150000,bending,1633.500000,12.037358,8.729587,True
IceV,-160,113.150000,libration,507.000000,1.090253,1.141952,False
IceV,-160,113.150000,libration,621.000000,33.849427,2.390817,False
IceV,-160,113.150000,libration,666.000000,44.727425,43.324524,True
IceV,-160,113.150000,libration,816.000000,41.362545,12.607649,False
IceV,-155,118.150000,stretching,3228.500000,100.000000,99.248922,True
IceV,-155,118.150000,combination,2150.500000,3.198273,1.174762,False
IceV,-155,118.150000,combination,2328.000000,11.924619,11.500593,True
IceV,-155,118.150000,bending,1635.000000,7.793450,6.447976,True
IceV,-155,118.150000,libration,506.000000,2.052438,2.277806,False
IceV,-155,118.150000,libration,616.500000,21.452982,1.185052,False
IceV,-155,118.150000,libration,666.000000,30.099029,6.888932,False
IceV,-155,118.150000,libration,820.000000,34.883568,32.977566,True
IceV,-150,123.150000,stretching,3229.500000,100.000000,99.252862,True
IceV,-150,123.150000,combination,2347.500000,10.272476,9.851061,True
IceV,-150,123.150000,bending,1633.500000,8.053101,6.466669,True
IceV,-150,123.150000,libration,506.500000,1.153668,1.268607,False
IceV,-150,123.150000,libration,666.500000,29.209683,6.627368,False
IceV,-150,123.150000,libration,820.500000,34.518466,32.850772,True
IceV,-145,128.150000,stretching,3229.000000,100.000000,99.467922,True
IceV,-145,128.150000,combination,2345.000000,6.756623,6.458420,True
IceV,-145,128.150000,combination,2370.500000,5.246365,1.627518,False
IceV,-145,128.150000,combination,2452.500000,4.357408,2.115418,False
IceV,-145,128.150000,bending,1633.500000,12.023648,9.713769,True
IceV,-145,128.150000,libration,664.500000,34.917540,3.560718,False
IceV,-145,128.150000,libration,810.500000,38.735664,37.906379,True
IceV,-140,133.150000,stretching,3230.000000,100.000000,99.243694,True
IceV,-140,133.150000,combination,2342.000000,3.982581,1.722499,False
IceV,-140,133.150000,combination,2447.500000,4.411663,4.068187,True
IceV,-140,133.150000,bending,1635.500000,11.869187,9.556669,True
IceV,-140,133.150000,libration,664.000000,33.032280,1.156932,False
IceV,-140,133.150000,libration,811.000000,38.733635,37.845427,True
IceV,-135,138.150000,stretching,3232.000000,100.000000,98.996835,True
IceV,-135,138.150000,combination,2218.500000,3.585067,2.841307,False
IceV,-135,138.150000,combination,2339.500000,2.202830,1.001217,False
IceV,-135,138.150000,combination,2447.500000,4.361765,3.939348,True
IceV,-135,138.150000,bending,1634.000000,11.596931,9.348944,True
IceV,-135,138.150000,libration,814.000000,38.000465,37.007398,True
IceV,-130,143.150000,stretching,3232.500000,100.000000,98.956127,True
IceV,-130,143.150000,combination,2229.000000,3.591578,3.105734,False
IceV,-130,143.150000,combination,2447.000000,4.149152,3.797600,True
IceV,-130,143.150000,bending,1633.000000,11.446672,9.294429,True
IceV,-130,143.150000,libration,816.000000,37.930667,36.862235,True
IceV,-125,148.150000,stretching,3233.500000,100.000000,98.866476,True
IceV,-125,148.150000,combination,2230.000000,3.661129,3.230040,False
IceV,-125,148.150000,combination,2452.000000,4.284655,3.861169,True
IceV,-125,148.150000,bending,1633.500000,11.657809,9.219978,True
IceV,-125,148.150000,libration,810.000000,37.689757,36.604040,True
IceV,-120,153.150000,stretching,3234.000000,100.000000,98.820417,True
IceV,-120,153.150000,combination,2236.000000,3.665627,3.383843,False
IceV,-120,153.150000,combination,2454.000000,4.233750,3.913550,True
IceV,-120,153.150000,bending,1633.000000,11.516630,9.192679,True
IceV,-120,153.150000,libration,638.500000,29.782524,1.209494,False
IceV,-120,153.150000,libration,808.500000,38.027435,36.969101,True
IceV,-115,158.150000,stretching,3237.500000,100.000000,98.873930,True
IceV,-115,158.150000,combination,2230.500000,3.891929,3.929965,False
IceV,-115,158.150000,combination,2310.000000,3.535596,1.070621,False
IceV,-115,158.150000,combination,2342.000000,2.933428,2.439169,False
IceV,-115,158.150000,combination,2452.500000,4.298159,3.962423,True
IceV,-115,158.150000,bending,1634.000000,11.152838,9.054529,True
IceV,-115,158.150000,libration,810.000000,37.744001,36.644039,True
IceV,-110,163.150000,stretching,3237.500000,100.000000,99.078916,True
IceV,-110,163.150000,combination,2236.000000,4.181904,2.431849,False
IceV,-110,163.150000,combination,2341.500000,3.268132,1.059152,False
IceV,-110,163.150000,combination,2421.000000,6.385855,6.076431,True
IceV,-110,163.150000,bending,1608.000000,9.214351,7.516597,True
IceV,-110,163.150000,libration,507.000000,1.144986,1.200270,False
IceV,-110,163.150000,libration,808.500000,49.195184,47.194994,True
IceV,-105,168.150000,stretching,3238.000000,100.000000,99.224365,True
IceV,-105,168.150000,combination,2240.000000,4.627126,2.500784,False
IceV,-105,168.150000,combination,2419.500000,8.035892,7.724188,True
IceV,-105,168.150000,bending,1605.000000,8.789324,7.112559,True
IceV,-105,168.150000,libration,810.500000,57.624699,55.163462,True
IceV,-100,173.150000,stretching,3237.000000,100.000000,99.212240,True
IceV,-100,173.150000,combination,2236.500000,4.760843,2.844148,False
IceV,-100,173.150000,combination,2419.000000,9.280196,8.909631,True
IceV,-100,173.150000,bending,1561.000000,8.987111,7.332926,True
IceV,-100,173.150000,libration,804.500000,61.324227,58.786765,True
IceV,-95,178.150000,stretching,3238.000000,100.000000,99.158299,True
IceV,-95,178.150000,combination,2220.000000,4.818640,2.684271,False
IceV,-95,178.150000,combination,2338.000000,3.769196,1.430208,False
IceV,-95,178.150000,combination,2420.500000,10.051974,9.716413,True
IceV,-95,178.150000,bending,1604.000000,9.072378,7.494421,True
IceV,-95,178.150000,libration,505.000000,3.324598,1.517862,False
IceV,-95,178.150000,libration,803.500000,63.357494,60.851806,True
IceV,-90,183.150000,stretching,3237.000000,100.000000,99.088360,True
IceV,-90,183.150000,combination,2153.000000,3.913823,1.016079,False
IceV,-90,183.150000,combination,2229.500000,4.961722,3.342534,False
IceV,-90,183.150000,combination,2421.000000,11.050685,10.733077,True
IceV,-90,183.150000,bending,1596.500000,9.141508,7.489880,True
IceV,-90,183.150000,libration,504.500000,3.245822,1.288004,False
IceV,-90,183.150000,libration,804.000000,64.949428,62.495868,True
IceV,-85,188.150000,stretching,3236.000000,100.000000,98.993340,True
IceV,-85,188.150000,combination,2235.500000,5.063243,2.987319,False
IceV,-85,188.150000,combination,2422.000000,11.916686,11.694463,True
IceV,-85,188.150000,bending,1604.500000,9.306120,7.628847,True
IceV,-85,188.150000,libration,505.500000,2.858219,1.413174,False
IceV,-85,188.150000,libration,796.000000,66.224633,63.832027,True
IceV,-80,193.150000,stretching,3205.500000,100.000000,98.824478,True
IceV,-80,193.150000,combination,2243.500000,5.076107,2.771014,False
IceV,-80,193.150000,combination,2423.000000,12.213610,12.025712,True
IceV,-80,193.150000,bending,1624.500000,9.269590,7.665280,True
IceV,-80,193.150000,libration,505.500000,2.416502,1.564983,False
IceV,-80,193.150000,libration,784.000000,66.672715,64.662881,True
Ih,-165,108.150000,stretching,3111.500000,100.000000,81.748534,True
Ih,-165,108.150000,combination,2239.000000,13.891276,1.324894,False
Ih,-165,108.150000,combination,2417.000000,20.427892,8.744739,True
Ih,-165,108.150000,bending,1504.500000,16.762072,10.131955,True
Ih,-165,108.150000,libration,507.000000,8.674708,1.944310,False
Ih,-165,108.150000,libration,820.000000,54.789181,48.296179,True
Ih,-160,113.150000,stretching,3203.500000,100.000000,97.792421,True
Ih,-160,113.150000,combination,2154.500000,6.537991,1.573905,False
Ih,-160,113.150000,combination,2413.000000,32.202668,29.750333,True
Ih,-160,113.150000,bending,1481.000000,12.364043,7.630754,True
Ih,-160,113.150000,bending,1583.500000,10.905445,1.055584,False
Ih,-160,113.150000,libration,516.000000,-18.194304,4.439378,False
Ih,-160,113.150000,libration,591.500000,24.040360,3.478604,False
Ih,-160,113.150000,libration,617.000000,24.249076,5.581737,False
Ih,-160,113.150000,libration,766.000000,63.708049,1.321816,False
Ih,-160,113.150000,libration,821.000000,91.793457,85.191474,True
