source,d_spacing_A,intensity_rel,intensity,n_reflections
measured ice V,3.313819,0.101801,,
measured ice V,3.222239,0.108033,,
measured ice V,3.062283,0.104571,,
measured ice V,3.010508,0.308864,,
measured ice V,2.982297,0.411357,,
measured ice V,2.906521,0.486150,,
measured ice V,2.845453,0.756925,,
measured ice V,2.797435,0.106648,,
measured ice V,2.740989,0.105956,,
measured ice V,2.727661,0.141967,,
measured ice V,2.655139,0.738227,,
measured ice V,2.508962,0.140582,,
measured ice V,2.497883,0.135042,,
measured ice V,2.485541,0.113573,,
measured ice V,2.450599,0.106648,,
measured ice V,2.440055,0.155817,,
measured ice V,2.428306,0.176593,,
measured ice V,2.414108,0.121191,,
measured ice V,2.388738,0.156510,,
measured ice V,2.332474,0.104571,,
measured ice V,2.321793,0.118421,,
measured ice V,2.286926,0.182825,,
measured ice V,2.258710,0.110111,,
measured ice V,2.249837,0.110803,,
measured ice V,2.208684,0.102493,,
measured ice V,2.196020,0.108033,,
measured ice V,2.185585,0.101801,,
measured ice V,2.174229,0.141274,,
measured ice V,2.147882,0.112881,,
measured ice V,2.136941,0.110111,,
measured ice V,2.128077,0.116343,,
measured ice V,2.113479,0.123961,,
measured ice V,2.090565,1.000000,,
measured ice V,2.045406,0.154432,,
measured ice V,2.029342,0.112188,,
measured ice V,2.021412,0.108033,,
measured ice V,2.009210,0.104571,,
measured ice V,1.996312,0.112188,,
measured ice V,1.981910,0.121884,,
measured ice V,1.973543,0.119806,,
measured ice V,1.965253,0.128116,,
measured ice V,1.941636,0.193906,,
measured ice V,1.922554,0.159280,,
measured ice V,1.912389,0.125346,,
measured ice V,1.894690,0.112188,,
measured ice V,1.880338,0.182825,,
measured ice V,1.864016,0.114958,,
measured ice V,1.856699,0.108726,,
measured ice V,1.845124,0.109418,,
measured ice V,1.834416,0.124654,,
measured ice V,1.812717,0.558864,,
measured ice V,1.784209,0.120499,,
measured ice V,1.772952,0.112188,,
measured ice V,1.767057,0.110803,,
measured ice V,1.760557,0.123269,,
measured ice V,1.745174,0.103878,,
measured ice V,1.736338,0.101801,,
measured ice V,1.729466,0.105263,,
measured ice V,1.720193,0.117036,,
measured ice V,1.708002,0.103186,,
ice V HSEsol/POB-TZVP,3.370275,0.000789,0.343960,8.000000
ice V HSEsol/POB-TZVP,3.215985,0.023121,10.073920,6.000000
ice V HSEsol/POB-TZVP,3.138245,0.000675,0.294180,10.000000
ice V HSEsol/POB-TZVP,3.064843,0.000868,0.377980,2.000000
ice V HSEsol/POB-TZVP,2.994075,0.664704,289.617280,12.000000
ice V HSEsol/POB-TZVP,2.905483,0.000877,0.382050,6.000000
ice V HSEsol/POB-TZVP,2.902463,0.473416,206.271460,6.000000
ice V HSEsol/POB-TZVP,2.838393,1.000000,435.708390,10.000000
ice V HSEsol/POB-TZVP,2.725233,0.054687,23.827620,10.000000
ice V HSEsol/POB-TZVP,2.658537,0.918489,400.193480,8.000000
ice V HSEsol/POB-TZVP,2.593110,0.015295,6.664230,10.000000
ice V HSEsol/POB-TZVP,2.558183,0.000677,0.295150,12.000000
ice V HSEsol/POB-TZVP,2.501488,0.078178,34.062670,12.000000
ice V HSEsol/POB-TZVP,2.415732,0.313713,136.687220,26.000000
ice V HSEsol/POB-TZVP,2.377314,0.000876,0.381550,8.000000
ice V HSEsol/POB-TZVP,2.286389,0.121551,52.960800,20.000000
ice V HSEsol/POB-TZVP,2.251685,0.012255,5.339530,20.000000
ice V HSEsol/POB-TZVP,2.185025,0.029512,12.858610,36.000000
ice V HSEsol/POB-TZVP,2.087986,0.032466,14.145910,36.000000
ice V HSEsol/POB-TZVP,2.047225,0.173083,75.413840,16.000000
ice V HSEsol/POB-TZVP,1.950175,0.266998,116.333190,44.000000
ice V HSEsol/POB-TZVP,1.895789,0.363198,158.248590,50.000000
ice V HSEsol/POB-TZVP,1.823204,0.061801,26.927160,32.000000
ice V HSEsol/POB-TZVP,1.762844,0.129465,56.409170,52.000000
ice V HSEsol/POB-TZVP,1.723804,0.091078,39.683420,48.000000
ice Ih HSEsol/POB-TZVP,3.327569,0.000338,0.073140,4.000000
ice Ih HSEsol/POB-TZVP,3.225776,0.000118,0.025640,8.000000
ice Ih HSEsol/POB-TZVP,3.122590,0.000811,0.175550,8.000000
ice Ih HSEsol/POB-TZVP,3.012173,0.000009,0.002040,2.000000
ice Ih HSEsol/POB-TZVP,2.957244,0.000048,0.010320,4.000000
ice Ih HSEsol/POB-TZVP,2.850595,0.000357,0.077230,8.000000
ice Ih HSEsol/POB-TZVP,2.754938,0.000764,0.165420,12.000000
ice Ih HSEsol/POB-TZVP,2.679232,0.487469,105.519640,12.000000
ice Ih HSEsol/POB-TZVP,2.625677,0.001586,0.343350,10.000000
ice Ih HSEsol/POB-TZVP,2.568494,0.000643,0.139240,8.000000
ice Ih HSEsol/POB-TZVP,2.458461,0.000375,0.081190,8.000000
ice Ih HSEsol/POB-TZVP,2.451190,0.000000,0.000020,2.000000
ice Ih HSEsol/POB-TZVP,2.363217,0.002772,0.600030,20.000000
ice Ih HSEsol/POB-TZVP,2.316467,0.001097,0.237440,12.000000
ice Ih HSEsol/POB-TZVP,2.258706,1.000000,216.464420,30.000000
ice Ih HSEsol/POB-TZVP,2.156435,0.002742,0.593610,24.000000
ice Ih HSEsol/POB-TZVP,2.077154,0.886707,191.940500,28.000000
ice Ih HSEsol/POB-TZVP,2.020233,0.000417,0.090300,16.000000
ice Ih HSEsol/POB-TZVP,1.930516,0.586817,127.024950,22.000000
ice Ih HSEsol/POB-TZVP,1.890469,0.130986,28.353760,44.000000
ice Ih HSEsol/POB-TZVP,1.842168,0.003306,0.715580,24.000000
ice Ih HSEsol/POB-TZVP,1.766170,0.001125,0.243560,36.000000
ice Ih HSEsol/POB-TZVP,1.726694,0.055003,11.906300,52.000000
Bertie et al. (1963),3.020000,,,
Bertie et al. (1963),2.820000,,,
Bertie et al. (1963),2.650000,,,
Bertie et al. (1963),2.430000,,,
Bertie et al. (1963),2.290000,,,
Bertie et al. (1963),2.190000,,,
Bertie et al. (1963),2.050000,,,
Bertie et al. (1963),1.960000,,,
Bertie et al. (1963),1.880000,,,
Bertie et al. (1963),1.780000,,,
Bertie et al. (1963),1.720000,,,
Bertie et al. (1963),1.630000,,,
Bertie et al. (1963),1.560000,,,
Bertie et al. (1963),1.490000,,,
Bertie et al. (1963),1.440000,,,
Bertie et al. (1963),1.380000,,,
Bertie et al. (1963),1.290000,,,
Kamb et al. (1967),3.030000,,,
Kamb et al. (1967),2.930000,,,
Kamb et al. (1967),2.860000,,,
Kamb et al. (1967),2.750000,,,
Kamb et al. (1967),2.680000,,,
Kamb et al. (1967),2.520000,,,
Kamb et al. (1967),2.450000,,,
Kamb et al. (1967),2.400000,,,
Kamb et al. (1967),2.290000,,,
Kamb et al. (1967),2.050000,,,
Salzmann et al. (2021),3.010000,,,
Salzmann et al. (2021),2.980000,,,
Salzmann et al. (2021),2.910000,,,
Salzmann et al. (2021),2.840000,,,
Salzmann et al. (2021),2.730000,,,
Salzmann et al. (2021),2.650000,,,
Salzmann et al. (2021),2.500000,,,
Salzmann et al. (2021),2.430000,,,
Salzmann et al. (2021),2.300000,,,
Salzmann et al. (2021),1.570000,,,
